{"data_min_": [29.0, 0.0, 1.0, 94.0, 126.0, 0.0, 0.0, 71.0, 0.0, 0.0, 1.0, 0.0, 3.0], "data_max_": [77.0, 1.0, 4.0, 200.0, 564.0, 1.0, 2.0, 202.0, 1.0, 6.2, 3.0, 3.0, 7.0], "scale_": [0.020833333333333332, 1.0, 0.3333333333333333, 0.009433962264150943, 0.00228310502283105, 1.0, 0.5, 0.007633587786259542, 1.0, 0.16129032258064516, 0.5, 0.3333333333333333, 0.25], "data_range_": [48.0, 1.0, 3.0, 106.0, 438.0, 1.0, 2.0, 131.0, 1.0, 6.2, 2.0, 3.0, 4.0], "features": ["age", "sex", "cp", "trestbps", "chol", "fbs", "restecg", "thalach", "exang", "oldpeak", "slope", "ca", "thal"]}